District,Year,Season,Extent,Production,Yield,Prev_Yield,District_encoded,Season_encoded
Ampara,2001,Maha,4.0,17.0,4.25,4.866666666666667,0,0
Ampara,2002,Maha,4.0,19.0,4.75,4.25,0,0
Ampara,2003,Maha,5.0,24.0,4.8,4.75,0,0
Ampara,2005,Maha,1.0,2.0,2.0,4.8,0,0
Ampara,2006,Maha,3.0,6.0,2.0,2.0,0,0
Ampara,2007,Maha,10.0,25.0,2.5,2.0,0,0
Ampara,2008,Maha,11.0,35.0,3.1818181818181817,2.5,0,0
Ampara,2009,Maha,7.0,31.0,4.428571428571429,3.1818181818181817,0,0
Ampara,2010,Maha,10.0,79.0,7.9,4.428571428571429,0,0
Ampara,2011,Maha,7.0,70.0,10.0,7.9,0,0
Ampara,2012,Maha,8.0,70.0,8.75,10.0,0,0
Ampara,2013,Maha,8.0,74.0,9.25,8.75,0,0
Ampara,2014,Maha,8.0,78.0,9.75,9.25,0,0
Ampara,2015,Maha,6.0,139.0,23.166666666666668,9.75,0,0
Ampara,2016,Maha,7.0,144.0,20.571428571428573,23.166666666666668,0,0
Ampara,2017,Maha,45.0,65.0,1.4444444444444444,20.571428571428573,0,0
Ampara,2018,Maha,12.0,35.0,2.9166666666666665,1.4444444444444444,0,0
Ampara,2019,Maha,14.0,72.0,5.142857142857143,2.9166666666666665,0,0
Ampara,2020,Maha,30.0,148.0,4.933333333333334,5.142857142857143,0,0
Ampara,2021,Maha,33.6,169.8,5.053571428571429,4.933333333333334,0,0
Ampara,2022,Maha,46.1,274.0,5.943600867678959,5.053571428571429,0,0
Ampara,2023,Maha,53.1,207.3,3.903954802259887,5.943600867678959,0,0
Ampara,2024,Maha,644.5,568.9,0.882699767261443,3.903954802259887,0,0
Ampara,2025,Maha,28.0,155.3,5.546428571428572,0.882699767261443,0,0
Ampara,2020,Yala,12.2,68.0,5.573770491803279,4.962264150943397,0,1
Ampara,2021,Yala,10.6,52.6,4.962264150943397,5.573770491803279,0,1
Ampara,2022,Yala,22.2,109.4,4.927927927927929,4.962264150943397,0,1
Ampara,2023,Yala,16.9,87.9,5.201183431952663,4.927927927927929,0,1
Ampara,2024,Yala,935.7,813.4,0.8692957144383883,5.201183431952663,0,1
Anuradhapura,2006,Maha,1.0,2.0,2.0,2.0,1,0
Anuradhapura,2007,Maha,3.0,3.0,1.0,2.0,1,0
Anuradhapura,2008,Maha,6.0,5.0,0.8333333333333334,1.0,1,0
Anuradhapura,2009,Maha,3.0,26.0,8.666666666666666,0.8333333333333334,1,0
Anuradhapura,2010,Maha,2.0,4.0,2.0,8.666666666666666,1,0
Anuradhapura,2012,Maha,5.0,8.0,1.6,2.0,1,0
Anuradhapura,2013,Maha,1.0,5.0,5.0,1.6,1,0
Anuradhapura,2014,Maha,2.0,2.0,1.0,5.0,1,0
Anuradhapura,2015,Maha,1.0,2.0,2.0,1.0,1,0
Anuradhapura,2016,Maha,219.0,99.0,0.4520547945205479,2.0,1,0
Anuradhapura,2017,Maha,3.0,31.0,10.333333333333334,0.4520547945205479,1,0
Anuradhapura,2018,Maha,2.0,2.0,1.0,10.333333333333334,1,0
Anuradhapura,2019,Maha,25.0,165.0,6.6,1.0,1,0
Anuradhapura,2020,Maha,39.0,137.0,3.5128205128205128,6.6,1,0
Anuradhapura,2021,Maha,48.8,110.3,2.2602459016393444,3.5128205128205128,1,0
Anuradhapura,2022,Maha,70.6,154.3,2.1855524079320117,2.2602459016393444,1,0
Anuradhapura,2023,Maha,69.3,178.2,2.571428571428571,2.1855524079320117,1,0
Anuradhapura,2024,Maha,479.0,463.8,0.968267223382046,2.571428571428571,1,0
Anuradhapura,2025,Maha,68.6,293.1,4.272594752186589,0.968267223382046,1,0
Anuradhapura,2020,Yala,60.0,147.3,2.455,2.270181219110379,1,1
Anuradhapura,2021,Yala,79.8,173.1,2.169172932330827,2.455,1,1
Anuradhapura,2022,Yala,60.7,137.8,2.270181219110379,2.169172932330827,1,1
Anuradhapura,2023,Yala,44.4,310.8,7.000000000000001,2.270181219110379,1,1
Anuradhapura,2024,Yala,621.2,524.1,0.8436896329684481,7.000000000000001,1,1
Badulla,2001,Maha,2.0,1.0,0.5,6.484536082474227,2,0
Badulla,2002,Maha,5.0,3.0,0.6,0.5,2,0
Badulla,2003,Maha,11.0,5.0,0.45454545454545453,0.6,2,0
Badulla,2004,Maha,5.0,5.0,1.0,0.45454545454545453,2,0
Badulla,2005,Maha,7.0,8.0,1.1428571428571428,1.0,2,0
Badulla,2006,Maha,7.0,9.0,1.2857142857142858,1.1428571428571428,2,0
Badulla,2007,Maha,18.0,21.0,1.1666666666666667,1.2857142857142858,2,0
Badulla,2008,Maha,24.0,29.0,1.2083333333333333,1.1666666666666667,2,0
Badulla,2009,Maha,31.0,202.0,6.516129032258065,1.2083333333333333,2,0
Badulla,2010,Maha,38.0,383.0,10.078947368421053,6.516129032258065,2,0
Badulla,2011,Maha,49.0,500.0,10.204081632653061,10.078947368421053,2,0
Badulla,2012,Maha,48.0,392.0,8.166666666666666,10.204081632653061,2,0
Badulla,2013,Maha,88.0,572.0,6.5,8.166666666666666,2,0
Badulla,2014,Maha,97.0,629.0,6.484536082474227,6.5,2,0
Badulla,2015,Maha,84.0,743.0,8.845238095238095,6.484536082474227,2,0
Badulla,2016,Maha,64.0,450.0,7.03125,8.845238095238095,2,0
Badulla,2017,Maha,74.0,472.0,6.378378378378378,7.03125,2,0
Badulla,2018,Maha,97.0,629.0,6.484536082474227,6.378378378378378,2,0
Badulla,2019,Maha,46.0,549.0,11.934782608695652,6.484536082474227,2,0
Badulla,2020,Maha,104.0,1242.0,11.942307692307692,11.934782608695652,2,0
Badulla,2021,Maha,126.4,122.3,0.9675632911392404,11.942307692307692,2,0
Badulla,2022,Maha,166.8,1822.8,10.928057553956833,0.9675632911392404,2,0
Badulla,2023,Maha,123.3,884.2,7.171127331711274,10.928057553956833,2,0
Badulla,2024,Maha,84.4,409.5,4.851895734597156,7.171127331711274,2,0
Badulla,2025,Maha,163.6,1815.5,11.09718826405868,4.851895734597156,2,0
Badulla,2020,Yala,109.4,109.4,1.0,4.426852438252058,2,1
Badulla,2021,Yala,157.9,699.0,4.426852438252058,1.0,2,1
Badulla,2022,Yala,176.0,1885.9,10.71534090909091,4.426852438252058,2,1
Badulla,2023,Yala,142.2,1541.3,10.838959212376935,10.71534090909091,2,1
Badulla,2024,Yala,234.9,308.0,1.3111962537249893,10.838959212376935,2,1
Batticaloa,2021,Maha,2.4,19.2,8.0,7.1395348837209305,3,0
Batticaloa,2022,Maha,3.0,25.0,8.333333333333334,8.0,3,0
Batticaloa,2023,Maha,4.3,30.7,7.1395348837209305,8.333333333333334,3,0
Batticaloa,2024,Maha,103.9,109.6,1.0548604427333974,7.1395348837209305,3,0
Batticaloa,2025,Maha,3.1,16.2,5.225806451612903,1.0548604427333974,3,0
Batticaloa,2020,Yala,0.1,0.9,9.0,8.823529411764707,3,1
Batticaloa,2021,Yala,0.9,10.0,11.11111111111111,9.0,3,1
Batticaloa,2022,Yala,1.2,10.5,8.75,11.11111111111111,3,1
Batticaloa,2023,Yala,1.7,15.0,8.823529411764707,8.75,3,1
Batticaloa,2024,Yala,63.2,69.0,1.0917721518987342,8.823529411764707,3,1
Colombo,2001,Maha,55.0,272.0,4.945454545454545,7.194840334667514,4,0
Colombo,2002,Maha,45.0,224.0,4.977777777777778,4.945454545454545,4,0
Colombo,2003,Maha,73.0,367.0,5.027397260273973,4.977777777777778,4,0
Colombo,2004,Maha,106.0,600.0,5.660377358490566,5.027397260273973,4,0
Colombo,2005,Maha,70.0,551.0,7.871428571428571,5.660377358490566,4,0
Colombo,2006,Maha,79.0,621.0,7.860759493670886,7.871428571428571,4,0
Colombo,2007,Maha,127.0,989.0,7.78740157480315,7.860759493670886,4,0
Colombo,2008,Maha,101.0,402.0,3.98019801980198,7.78740157480315,4,0
Colombo,2009,Maha,107.0,556.0,5.196261682242991,3.98019801980198,4,0
Colombo,2010,Maha,84.0,978.0,11.642857142857142,5.196261682242991,4,0
Colombo,2011,Maha,85.0,992.0,11.670588235294117,11.642857142857142,4,0
Colombo,2012,Maha,87.0,964.0,11.080459770114942,11.670588235294117,4,0
Colombo,2013,Maha,90.0,1058.0,11.755555555555556,11.080459770114942,4,0
Colombo,2014,Maha,94.0,1111.0,11.819148936170214,11.755555555555556,4,0
Colombo,2015,Maha,135.0,1529.0,11.325925925925926,11.819148936170214,4,0
Colombo,2016,Maha,113.0,877.0,7.761061946902655,11.325925925925926,4,0
Colombo,2017,Maha,78.0,497.0,6.371794871794871,7.761061946902655,4,0
Colombo,2018,Maha,81.0,728.0,8.987654320987655,6.371794871794871,4,0
Colombo,2019,Maha,50.0,349.0,6.98,8.987654320987655,4,0
Colombo,2020,Maha,67.0,488.0,7.2835820895522385,6.98,4,0
Colombo,2021,Maha,119.7,850.6,7.10609857978279,7.2835820895522385,4,0
Colombo,2022,Maha,85.6,412.3,4.816588785046729,7.10609857978279,4,0
Colombo,2023,Maha,112.0,582.3,5.199107142857143,4.816588785046729,4,0
Colombo,2025,Maha,56.1,319.2,5.689839572192513,5.199107142857143,4,0
Colombo,2020,Yala,66.5,216.3,3.2526315789473688,4.944566427511133,4,1
Colombo,2021,Yala,68.8,339.3,4.931686046511628,3.2526315789473688,4,1
Colombo,2022,Yala,65.8,326.2,4.957446808510638,4.931686046511628,4,1
Colombo,2023,Yala,67.4,339.9,5.043026706231453,4.957446808510638,4,1
Galle,2001,Maha,36.0,50.0,1.3888888888888888,6.237971934513865,5,0
Galle,2002,Maha,33.0,45.0,1.3636363636363635,1.3888888888888888,5,0
Galle,2003,Maha,42.0,63.0,1.5,1.3636363636363635,5,0
Galle,2004,Maha,52.0,96.0,1.8461538461538463,1.5,5,0
Galle,2005,Maha,58.0,107.0,1.8448275862068966,1.8461538461538463,5,0
Galle,2006,Maha,56.0,220.0,3.9285714285714284,1.8448275862068966,5,0
Galle,2007,Maha,61.0,102.0,1.6721311475409837,3.9285714285714284,5,0
Galle,2008,Maha,79.0,395.0,5.0,1.6721311475409837,5,0
Galle,2009,Maha,88.0,134.0,1.5227272727272727,5.0,5,0
Galle,2010,Maha,82.0,467.0,5.695121951219512,1.5227272727272727,5,0
Galle,2011,Maha,101.0,723.0,7.158415841584159,5.695121951219512,5,0
Galle,2012,Maha,89.0,203.0,2.2808988764044944,7.158415841584159,5,0
Galle,2013,Maha,96.0,261.0,2.71875,2.2808988764044944,5,0
Galle,2014,Maha,90.0,791.0,8.78888888888889,2.71875,5,0
Galle,2015,Maha,73.0,495.0,6.780821917808219,8.78888888888889,5,0
Galle,2016,Maha,65.0,504.0,7.753846153846154,6.780821917808219,5,0
Galle,2017,Maha,62.0,470.0,7.580645161290323,7.753846153846154,5,0
Galle,2018,Maha,43.0,322.0,7.488372093023256,7.580645161290323,5,0
Galle,2019,Maha,51.0,382.0,7.490196078431373,7.488372093023256,5,0
Galle,2020,Maha,60.0,506.0,8.433333333333334,7.490196078431373,5,0
Galle,2021,Maha,86.5,698.6,8.076300578034683,8.433333333333334,5,0
Galle,2022,Maha,102.8,824.1,8.016536964980546,8.076300578034683,5,0
Galle,2023,Maha,106.1,856.6,8.073515551366636,8.016536964980546,5,0
Galle,2025,Maha,80.7,652.0,8.079306071871127,8.073515551366636,5,0
Galle,2020,Yala,77.4,634.1,8.19250645994832,8.156978009601975,5,1
Galle,2021,Yala,102.1,829.2,8.121449559255632,8.19250645994832,5,1
Galle,2022,Yala,93.1,778.5,8.361976369495167,8.121449559255632,5,1
Galle,2023,Yala,86.7,703.6,8.115340253748558,8.361976369495167,5,1
Gampaha,2001,Maha,199.0,1000.0,5.025125628140704,6.513986013986014,6,0
Gampaha,2002,Maha,251.0,1230.0,4.900398406374502,5.025125628140704,6,0
Gampaha,2003,Maha,271.0,1327.0,4.8966789667896675,4.900398406374502,6,0
Gampaha,2004,Maha,171.0,827.0,4.83625730994152,4.8966789667896675,6,0
Gampaha,2005,Maha,194.0,1237.0,6.376288659793815,4.83625730994152,6,0
Gampaha,2006,Maha,223.0,1420.0,6.367713004484305,6.376288659793815,6,0
Gampaha,2007,Maha,207.0,1727.0,8.342995169082126,6.367713004484305,6,0
Gampaha,2008,Maha,228.0,1578.0,6.921052631578948,8.342995169082126,6,0
Gampaha,2009,Maha,223.0,2078.0,9.318385650224215,6.921052631578948,6,0
Gampaha,2010,Maha,230.0,1939.0,8.430434782608696,9.318385650224215,6,0
Gampaha,2011,Maha,286.0,2293.0,8.017482517482517,8.430434782608696,6,0
Gampaha,2012,Maha,286.0,1863.0,6.513986013986014,8.017482517482517,6,0
Gampaha,2013,Maha,300.0,1956.0,6.52,6.513986013986014,6,0
Gampaha,2014,Maha,295.0,1910.0,6.47457627118644,6.52,6,0
Gampaha,2015,Maha,249.0,2458.0,9.8714859437751,6.47457627118644,6,0
Gampaha,2016,Maha,221.0,2140.0,9.683257918552036,9.8714859437751,6,0
Gampaha,2017,Maha,151.0,954.0,6.317880794701987,9.683257918552036,6,0
Gampaha,2018,Maha,295.0,1910.0,6.47457627118644,6.317880794701987,6,0
Gampaha,2019,Maha,125.0,1102.0,8.816,6.47457627118644,6,0
Gampaha,2020,Maha,272.0,1767.0,6.4963235294117645,8.816,6,0
Gampaha,2021,Maha,286.1,1844.0,6.445298846557147,6.4963235294117645,6,0
Gampaha,2022,Maha,287.2,8371.5,29.148676880222844,6.445298846557147,6,0
Gampaha,2023,Maha,280.2,4979.1,17.76980728051392,29.148676880222844,6,0
Gampaha,2024,Maha,0.4,2.4,5.999999999999999,17.76980728051392,6,0
Gampaha,2025,Maha,272.0,4463.7,16.410661764705882,5.999999999999999,6,0
Hanbantota,2001,Maha,10.0,27.0,2.7,4.6,7,0
Hanbantota,2002,Maha,6.0,14.0,2.3333333333333335,2.7,7,0
Hanbantota,2003,Maha,7.0,18.0,2.5714285714285716,2.3333333333333335,7,0
Hanbantota,2004,Maha,5.0,12.0,2.4,2.5714285714285716,7,0
Hanbantota,2005,Maha,7.0,18.0,2.5714285714285716,2.4,7,0
Hanbantota,2006,Maha,5.0,13.0,2.6,2.5714285714285716,7,0
Hanbantota,2007,Maha,10.0,23.0,2.3,2.6,7,0
Hanbantota,2008,Maha,32.0,124.0,3.875,2.3,7,0
Hanbantota,2009,Maha,16.0,183.0,11.4375,3.875,7,0
Hanbantota,2010,Maha,19.0,19.0,1.0,11.4375,7,0
Hanbantota,2011,Maha,18.0,192.0,10.666666666666666,1.0,7,0
Hanbantota,2012,Maha,17.0,132.0,7.764705882352941,10.666666666666666,7,0
Hanbantota,2013,Maha,18.0,138.0,7.666666666666667,7.764705882352941,7,0
Hanbantota,2014,Maha,17.0,162.0,9.529411764705882,7.666666666666667,7,0
Hanbantota,2015,Maha,13.0,68.0,5.230769230769231,9.529411764705882,7,0
Hanbantota,2016,Maha,15.0,69.0,4.6,5.230769230769231,7,0
Hanbantota,2017,Maha,12.0,42.0,3.5,4.6,7,0
Hanbantota,2018,Maha,17.0,162.0,9.529411764705882,3.5,7,0
Hanbantota,2019,Maha,22.0,122.0,5.545454545454546,9.529411764705882,7,0
Hanbantota,2020,Maha,27.0,158.0,5.851851851851852,5.545454545454546,7,0
Hanbantota,2021,Maha,59.2,334.9,5.657094594594594,5.851851851851852,7,0
Hanbantota,2022,Maha,83.9,397.0,4.731823599523242,5.657094594594594,7,0
Hanbantota,2023,Maha,80.2,338.2,4.216957605985037,4.731823599523242,7,0
Hanbantota,2024,Maha,1225.2,1109.8,0.90581129611492,4.216957605985037,7,0
Hanbantota,2025,Maha,72.7,338.9,4.661623108665749,0.90581129611492,7,0
Hanbantota,2020,Yala,43.2,203.2,4.703703703703703,4.675070028011204,7,1
Hanbantota,2021,Yala,62.2,323.9,5.207395498392282,4.703703703703703,7,1
Hanbantota,2022,Yala,71.4,333.8,4.675070028011204,5.207395498392282,7,1
Hanbantota,2023,Yala,68.5,319.3,4.661313868613139,4.675070028011204,7,1
Hanbantota,2024,Yala,2698.7,2785.8,1.0322747989772856,4.661313868613139,7,1
Jaffna,2019,Maha,1.0,1.0,1.0,1.0,8,0
Jaffna,2020,Maha,1.0,1.0,1.0,1.0,8,0
Jaffna,2024,Maha,84.4,68.9,0.816350710900474,1.0,8,0
Jaffna,2020,Yala,0.4,3.5,8.75,4.7505458515283845,8,1
Jaffna,2024,Yala,68.7,51.6,0.7510917030567685,8.75,8,1
Kaluthara,2001,Maha,89.0,433.0,4.865168539325842,6.39457356369121,9,0
Kaluthara,2002,Maha,93.0,467.0,5.021505376344086,4.865168539325842,9,0
Kaluthara,2003,Maha,79.0,396.0,5.012658227848101,5.021505376344086,9,0
Kaluthara,2004,Maha,74.0,589.0,7.95945945945946,5.012658227848101,9,0
Kaluthara,2005,Maha,92.0,684.0,7.434782608695652,7.95945945945946,9,0
Kaluthara,2006,Maha,85.0,630.0,7.411764705882353,7.434782608695652,9,0
Kaluthara,2007,Maha,97.0,542.0,5.587628865979381,7.411764705882353,9,0
Kaluthara,2008,Maha,127.0,556.0,4.377952755905512,5.587628865979381,9,0
Kaluthara,2009,Maha,124.0,703.0,5.669354838709677,4.377952755905512,9,0
Kaluthara,2010,Maha,107.0,768.0,7.177570093457944,5.669354838709677,9,0
Kaluthara,2011,Maha,113.0,806.0,7.132743362831858,7.177570093457944,9,0
Kaluthara,2012,Maha,132.0,856.0,6.484848484848484,7.132743362831858,9,0
Kaluthara,2013,Maha,106.0,712.0,6.716981132075472,6.484848484848484,9,0
Kaluthara,2014,Maha,111.0,748.0,6.738738738738738,6.716981132075472,9,0
Kaluthara,2015,Maha,153.0,1041.0,6.803921568627451,6.738738738738738,9,0
Kaluthara,2016,Maha,135.0,955.0,7.074074074074074,6.803921568627451,9,0
Kaluthara,2017,Maha,122.0,831.0,6.811475409836065,7.074074074074074,9,0
Kaluthara,2018,Maha,142.0,1047.0,7.373239436619718,6.811475409836065,9,0
Kaluthara,2019,Maha,123.0,731.0,5.943089430894309,7.373239436619718,9,0
Kaluthara,2020,Maha,130.0,790.0,6.076923076923077,5.943089430894309,9,0
Kaluthara,2021,Maha,160.9,980.8,6.095711622125544,6.076923076923077,9,0
Kaluthara,2022,Maha,176.8,1114.6,6.304298642533936,6.095711622125544,9,0
Kaluthara,2023,Maha,180.6,1078.9,5.973975636766335,6.304298642533936,9,0
Kaluthara,2025,Maha,194.8,1146.3,5.884496919917864,5.973975636766335,9,0
Kaluthara,2020,Yala,139.0,831.2,5.979856115107914,5.998019788176153,9,1
Kaluthara,2021,Yala,151.1,906.3,5.99801455989411,5.979856115107914,9,1
Kaluthara,2022,Yala,149.2,895.2,6.000000000000001,5.99801455989411,9,1
Kaluthara,2023,Yala,151.9,911.1,5.998025016458196,6.000000000000001,9,1
Kandy,2001,Maha,218.0,315.0,1.444954128440367,7.1368909512761025,10,0
Kandy,2002,Maha,219.0,406.0,1.8538812785388128,1.444954128440367,10,0
Kandy,2003,Maha,191.0,362.0,1.8952879581151831,1.8538812785388128,10,0
Kandy,2004,Maha,171.0,1102.0,6.444444444444445,1.8952879581151831,10,0
Kandy,2005,Maha,258.0,1655.0,6.4147286821705425,6.444444444444445,10,0
Kandy,2006,Maha,214.0,1392.0,6.5046728971962615,6.4147286821705425,10,0
Kandy,2007,Maha,281.0,2288.0,8.142348754448399,6.5046728971962615,10,0
Kandy,2008,Maha,345.0,2283.0,6.6173913043478265,8.142348754448399,10,0
Kandy,2009,Maha,379.0,2544.0,6.712401055408971,6.6173913043478265,10,0
Kandy,2010,Maha,334.0,2591.0,7.75748502994012,6.712401055408971,10,0
Kandy,2011,Maha,431.0,3076.0,7.1368909512761025,7.75748502994012,10,0
Kandy,2012,Maha,334.0,2314.0,6.92814371257485,7.1368909512761025,10,0
Kandy,2013,Maha,459.0,3150.0,6.862745098039215,6.92814371257485,10,0
Kandy,2014,Maha,437.0,3129.0,7.160183066361556,6.862745098039215,10,0
Kandy,2015,Maha,506.0,3860.0,7.628458498023716,7.160183066361556,10,0
Kandy,2016,Maha,484.0,3981.0,8.225206611570249,7.628458498023716,10,0
Kandy,2017,Maha,436.0,4073.0,9.341743119266056,8.225206611570249,10,0
Kandy,2018,Maha,337.0,3589.0,10.649851632047477,9.341743119266056,10,0
Kandy,2019,Maha,314.0,2713.0,8.640127388535031,10.649851632047477,10,0
Kandy,2020,Maha,435.0,3950.0,9.080459770114942,8.640127388535031,10,0
Kandy,2021,Maha,430.1,4314.8,10.032085561497325,9.080459770114942,10,0
Kandy,2022,Maha,460.4,4442.4,9.64900086880973,10.032085561497325,10,0
Kandy,2023,Maha,429.0,4346.6,10.131934731934733,9.64900086880973,10,0
Kandy,2024,Maha,15.1,36.3,2.403973509933775,10.131934731934733,10,0
Kandy,2025,Maha,576.2,4057.2,7.041305102395001,2.403973509933775,10,0
Kandy,2020,Yala,552.2,5745.9,10.405469032959072,10.52046311254712,10,1
Kandy,2021,Yala,371.4,3907.3,10.52046311254712,10.405469032959072,10,1
Kandy,2022,Yala,414.6,4417.5,10.654848046309695,10.52046311254712,10,1
Kandy,2023,Yala,388.4,4376.9,11.269052523171988,10.654848046309695,10,1
Kandy,2024,Yala,99.0,116.9,1.180808080808081,11.269052523171988,10,1
Kegalle,2001,Maha,192.0,1405.0,7.317708333333333,7.4506641366223905,11,0
Kegalle,2002,Maha,193.0,1421.0,7.362694300518135,7.317708333333333,11,0
Kegalle,2003,Maha,188.0,1184.0,6.297872340425532,7.362694300518135,11,0
Kegalle,2004,Maha,179.0,926.0,5.173184357541899,6.297872340425532,11,0
Kegalle,2005,Maha,139.0,815.0,5.863309352517986,5.173184357541899,11,0
Kegalle,2006,Maha,102.0,601.0,5.892156862745098,5.863309352517986,11,0
Kegalle,2007,Maha,114.0,780.0,6.842105263157895,5.892156862745098,11,0
Kegalle,2008,Maha,244.0,1633.0,6.692622950819672,6.842105263157895,11,0
Kegalle,2009,Maha,183.0,1764.0,9.639344262295081,6.692622950819672,11,0
Kegalle,2010,Maha,232.0,2169.0,9.349137931034482,9.639344262295081,11,0
Kegalle,2011,Maha,234.0,2168.0,9.264957264957266,9.349137931034482,11,0
Kegalle,2012,Maha,236.0,2259.0,9.572033898305085,9.264957264957266,11,0
Kegalle,2013,Maha,244.0,3644.0,14.934426229508198,9.572033898305085,11,0
Kegalle,2014,Maha,184.0,1610.0,8.75,14.934426229508198,11,0
Kegalle,2015,Maha,208.0,1933.0,9.29326923076923,8.75,11,0
Kegalle,2016,Maha,173.0,1602.0,9.260115606936417,9.29326923076923,11,0
Kegalle,2017,Maha,173.0,1602.0,9.260115606936417,9.260115606936417,11,0
Kegalle,2018,Maha,150.0,1350.0,9.0,9.260115606936417,11,0
Kegalle,2019,Maha,146.0,1040.0,7.123287671232877,9.0,11,0
Kegalle,2020,Maha,153.0,1081.0,7.065359477124183,7.123287671232877,11,0
Kegalle,2021,Maha,127.9,1003.5,7.845973416731821,7.065359477124183,11,0
Kegalle,2022,Maha,323.9,1377.8,4.253782031491201,7.845973416731821,11,0
Kegalle,2023,Maha,210.8,1570.6,7.4506641366223905,4.253782031491201,11,0
Kegalle,2024,Maha,17.9,16.9,0.9441340782122905,7.4506641366223905,11,0
Kegalle,2025,Maha,153.2,1416.6,9.2467362924282,0.9441340782122905,11,0
Kegalle,2020,Yala,87.0,713.3,8.198850574712644,9.160344827586206,11,1
Kegalle,2021,Yala,78.9,731.4,9.26996197718631,8.198850574712644,11,1
Kegalle,2022,Yala,99.1,911.8,9.200807265388496,9.26996197718631,11,1
Kegalle,2023,Yala,116.0,1062.6,9.160344827586206,9.200807265388496,11,1
Kegalle,2024,Yala,1.8,2.3,1.2777777777777777,9.160344827586206,11,1
Kilinochchi,2024,Maha,154.6,184.7,1.1946959896507114,1.1946959896507114,12,0
Kilinochchi,2024,Yala,62.9,64.7,1.028616852146264,1.028616852146264,12,1
Kurunegala,2001,Maha,186.0,470.0,2.5268817204301075,2.5223880597014925,13,0
Kurunegala,2002,Maha,201.0,507.0,2.5223880597014925,2.5268817204301075,13,0
Kurunegala,2003,Maha,167.0,428.0,2.562874251497006,2.5223880597014925,13,0
Kurunegala,2004,Maha,252.0,604.0,2.3968253968253967,2.562874251497006,13,0
Kurunegala,2005,Maha,253.0,507.0,2.0039525691699605,2.3968253968253967,13,0
Kurunegala,2006,Maha,309.0,660.0,2.1359223300970873,2.0039525691699605,13,0
Kurunegala,2007,Maha,330.0,357.0,1.0818181818181818,2.1359223300970873,13,0
Kurunegala,2008,Maha,391.0,350.0,0.8951406649616368,1.0818181818181818,13,0
Kurunegala,2009,Maha,395.0,237.0,0.6,0.8951406649616368,13,0
Kurunegala,2010,Maha,559.0,335.0,0.5992844364937389,0.6,13,0
Kurunegala,2011,Maha,643.0,385.0,0.5987558320373251,0.5992844364937389,13,0
Kurunegala,2012,Maha,601.0,3604.0,5.996672212978369,0.5987558320373251,13,0
Kurunegala,2013,Maha,483.0,290.0,0.6004140786749482,5.996672212978369,13,0
Kurunegala,2014,Maha,378.0,2271.0,6.007936507936508,0.6004140786749482,13,0
Kurunegala,2015,Maha,541.0,325.0,0.600739371534196,6.007936507936508,13,0
Kurunegala,2016,Maha,467.0,5485.0,11.745182012847966,0.600739371534196,13,0
Kurunegala,2017,Maha,298.0,3381.0,11.345637583892618,11.745182012847966,13,0
Kurunegala,2018,Maha,378.0,271.0,0.716931216931217,11.345637583892618,13,0
Kurunegala,2019,Maha,446.0,4371.0,9.800448430493274,0.716931216931217,13,0
Kurunegala,2020,Maha,466.0,5061.0,10.860515021459227,9.800448430493274,13,0
Kurunegala,2021,Maha,897.8,9124.1,10.16273112051682,10.860515021459227,13,0
Kurunegala,2022,Maha,1040.5,10270.5,9.870735223450264,10.16273112051682,13,0
Kurunegala,2023,Maha,737.7,13476.9,18.268808458723058,9.870735223450264,13,0
Kurunegala,2024,Maha,938.7,1014.6,1.0808565036752955,18.268808458723058,13,0
Kurunegala,2025,Maha,668.4,6902.6,10.327049670855775,1.0808565036752955,13,0
Kurunegala,2020,Yala,663.0,7851.1,11.841779788838613,11.841779788838613,13,1
Kurunegala,2021,Yala,993.4,12905.9,12.991644856049929,11.841779788838613,13,1
Kurunegala,2022,Yala,1083.9,15337.7,14.150475136082663,12.991644856049929,13,1
Kurunegala,2023,Yala,773.9,8320.0,10.750742990050394,14.150475136082663,13,1
Kurunegala,2024,Yala,732.0,729.2,0.9961748633879782,10.750742990050394,13,1
Mannar,2013,Maha,1.0,4.0,4.0,2.0,14,0
Mannar,2014,Maha,2.0,4.0,2.0,4.0,14,0
Mannar,2015,Maha,1.0,2.0,2.0,2.0,14,0
Mannar,2021,Maha,0.1,0.0,0.0,2.0,14,0
Mannar,2023,Maha,1.3,12.5,9.615384615384615,0.0,14,0
Mannar,2024,Maha,73.2,4.7,0.06420765027322405,9.615384615384615,14,0
Mannar,2025,Maha,1.3,12.5,9.615384615384615,0.06420765027322405,14,0
Mannar,2024,Yala,193.0,155.4,0.8051813471502591,0.8051813471502591,14,1
Matale,2001,Maha,32.0,49.0,1.53125,6.105263157894737,15,0
Matale,2002,Maha,34.0,47.0,1.3823529411764706,1.53125,15,0
Matale,2003,Maha,28.0,38.0,1.3571428571428572,1.3823529411764706,15,0
Matale,2004,Maha,14.0,69.0,4.928571428571429,1.3571428571428572,15,0
Matale,2005,Maha,23.0,122.0,5.304347826086956,4.928571428571429,15,0
Matale,2006,Maha,29.0,154.0,5.310344827586207,5.304347826086956,15,0
Matale,2007,Maha,20.0,171.0,8.55,5.310344827586207,15,0
Matale,2008,Maha,42.0,488.0,11.619047619047619,8.55,15,0
Matale,2009,Maha,48.0,619.0,12.895833333333334,11.619047619047619,15,0
Matale,2010,Maha,43.0,246.0,5.72093023255814,12.895833333333334,15,0
Matale,2011,Maha,46.0,240.0,5.217391304347826,5.72093023255814,15,0
Matale,2012,Maha,54.0,269.0,4.981481481481482,5.217391304347826,15,0
Matale,2013,Maha,43.0,134.0,3.116279069767442,4.981481481481482,15,0
Matale,2014,Maha,38.0,232.0,6.105263157894737,3.116279069767442,15,0
Matale,2015,Maha,42.0,214.0,5.095238095238095,6.105263157894737,15,0
Matale,2016,Maha,67.0,641.0,9.567164179104477,5.095238095238095,15,0
Matale,2017,Maha,39.0,384.0,9.846153846153847,9.567164179104477,15,0
Matale,2018,Maha,37.0,355.0,9.594594594594595,9.846153846153847,15,0
Matale,2019,Maha,36.0,361.0,10.027777777777779,9.594594594594595,15,0
Matale,2020,Maha,33.0,338.0,10.242424242424242,10.027777777777779,15,0
Matale,2021,Maha,106.2,1063.3,10.012241054613936,10.242424242424242,15,0
Matale,2022,Maha,144.2,1386.0,9.611650485436893,10.012241054613936,15,0
Matale,2023,Maha,95.7,863.2,9.019853709508881,9.611650485436893,15,0
Matale,2024,Maha,113.5,160.7,1.4158590308370043,9.019853709508881,15,0
Matale,2025,Maha,96.0,944.1,9.834375,1.4158590308370043,15,0
Matale,2021,Yala,116.5,1217.6,10.451502145922746,9.993643871597786,15,1
Matale,2022,Yala,99.4,994.4,10.004024144869215,10.451502145922746,15,1
Matale,2023,Yala,71.7,715.8,9.983263598326358,10.004024144869215,15,1
Matale,2024,Yala,166.4,291.8,1.7536057692307692,9.983263598326358,15,1
Matara,2001,Maha,57.0,213.0,3.736842105263158,7.91476407914764,16,0
Matara,2002,Maha,64.0,241.0,3.765625,3.736842105263158,16,0
Matara,2003,Maha,49.0,184.0,3.7551020408163267,3.765625,16,0
Matara,2004,Maha,43.0,198.0,4.604651162790698,3.7551020408163267,16,0
Matara,2005,Maha,47.0,218.0,4.638297872340425,4.604651162790698,16,0
Matara,2006,Maha,47.0,216.0,4.595744680851064,4.638297872340425,16,0
Matara,2007,Maha,46.0,144.0,3.130434782608696,4.595744680851064,16,0
Matara,2008,Maha,82.0,280.0,3.4146341463414633,3.130434782608696,16,0
Matara,2009,Maha,79.0,685.0,8.670886075949367,3.4146341463414633,16,0
Matara,2010,Maha,83.0,867.0,10.44578313253012,8.670886075949367,16,0
Matara,2011,Maha,96.0,669.0,6.96875,10.44578313253012,16,0
Matara,2012,Maha,105.0,731.0,6.961904761904762,6.96875,16,0
Matara,2013,Maha,110.0,767.0,6.972727272727273,6.961904761904762,16,0
Matara,2014,Maha,127.0,1288.0,10.141732283464567,6.972727272727273,16,0
Matara,2015,Maha,149.0,2141.0,14.369127516778523,10.141732283464567,16,0
Matara,2016,Maha,120.0,1937.0,16.141666666666666,14.369127516778523,16,0
Matara,2017,Maha,103.0,1217.0,11.815533980582524,16.141666666666666,16,0
Matara,2018,Maha,88.0,1130.0,12.840909090909092,11.815533980582524,16,0
Matara,2019,Maha,83.0,887.0,10.686746987951807,12.840909090909092,16,0
Matara,2020,Maha,90.0,765.0,8.5,10.686746987951807,16,0
Matara,2021,Maha,131.4,1040.0,7.91476407914764,8.5,16,0
Matara,2022,Maha,133.6,1269.0,9.498502994011977,7.91476407914764,16,0
Matara,2023,Maha,115.8,930.0,8.031088082901555,9.498502994011977,16,0
Matara,2024,Maha,5.1,5.0,0.9803921568627452,8.031088082901555,16,0
Matara,2025,Maha,134.7,1104.9,8.202672605790648,0.9803921568627452,16,0
Matara,2020,Yala,134.0,1098.8,8.2,8.198847262247838,16,1
Matara,2021,Yala,138.8,1138.0,8.198847262247838,8.2,16,1
Matara,2022,Yala,150.0,1230.0,8.2,8.198847262247838,16,1
Matara,2023,Yala,119.7,961.3,8.030910609857978,8.2,16,1
Matara,2024,Yala,3.1,1.2,0.3870967741935484,8.030910609857978,16,1
Monaragala,2003,Maha,4.0,5.0,1.25,10.840955188360333,17,0
Monaragala,2005,Maha,1.0,9.0,9.0,1.25,17,0
Monaragala,2006,Maha,2.0,15.0,7.5,9.0,17,0
Monaragala,2007,Maha,7.0,72.0,10.285714285714286,7.5,17,0
Monaragala,2008,Maha,6.0,74.0,12.333333333333334,10.285714285714286,17,0
Monaragala,2009,Maha,5.0,50.0,10.0,12.333333333333334,17,0
Monaragala,2010,Maha,5.0,34.0,6.8,10.0,17,0
Monaragala,2011,Maha,12.0,155.0,12.916666666666666,6.8,17,0
Monaragala,2012,Maha,4.0,60.0,15.0,12.916666666666666,17,0
Monaragala,2013,Maha,6.0,60.0,10.0,15.0,17,0
Monaragala,2014,Maha,6.0,75.0,12.5,10.0,17,0
Monaragala,2015,Maha,14.0,156.0,11.142857142857142,12.5,17,0
Monaragala,2016,Maha,12.0,152.0,12.666666666666666,11.142857142857142,17,0
Monaragala,2017,Maha,11.0,134.0,12.181818181818182,12.666666666666666,17,0
Monaragala,2018,Maha,6.0,75.0,12.5,12.181818181818182,17,0
Monaragala,2019,Maha,25.0,299.0,11.96,12.5,17,0
Monaragala,2020,Maha,19.0,311.0,16.36842105263158,11.96,17,0
Monaragala,2021,Maha,71.8,781.6,10.885793871866296,16.36842105263158,17,0
Monaragala,2022,Maha,72.1,778.4,10.79611650485437,10.885793871866296,17,0
Monaragala,2023,Maha,73.9,658.5,8.910690121786196,10.79611650485437,17,0
Monaragala,2024,Maha,784.1,704.1,0.897972197423798,8.910690121786196,17,0
Monaragala,2025,Maha,40.9,432.0,10.56234718826406,0.897972197423798,17,0
Monaragala,2020,Yala,52.0,624.3,12.00576923076923,10.995999999999999,17,1
Monaragala,2021,Yala,56.4,666.3,11.813829787234042,12.00576923076923,17,1
Monaragala,2022,Yala,59.9,652.9,10.89983305509182,11.813829787234042,17,1
Monaragala,2023,Yala,25.0,274.9,10.995999999999999,10.89983305509182,17,1
Monaragala,2024,Yala,1349.9,1512.0,1.1200829691088228,10.995999999999999,17,1
Mullativu,2021,Maha,0.5,5.3,10.6,10.6,18,0
Mullativu,2022,Maha,4.9,58.2,11.877551020408163,10.6,18,0
Mullativu,2023,Maha,9.1,119.0,13.076923076923077,11.877551020408163,18,0
Mullativu,2024,Maha,289.7,252.7,0.8722816706938212,13.076923076923077,18,0
Mullativu,2025,Maha,4.0,41.0,10.25,0.8722816706938212,18,0
Mullativu,2022,Yala,3.0,26.9,8.966666666666667,8.657894736842104,18,1
Mullativu,2023,Yala,3.8,32.9,8.657894736842104,8.966666666666667,18,1
Mullativu,2024,Yala,116.7,103.7,0.8886032562125107,8.657894736842104,18,1
Nuwara Eliya,2001,Maha,69.0,285.0,4.130434782608695,4.6946107784431135,19,0
Nuwara Eliya,2002,Maha,80.0,345.0,4.3125,4.130434782608695,19,0
Nuwara Eliya,2003,Maha,72.0,311.0,4.319444444444445,4.3125,19,0
Nuwara Eliya,2004,Maha,107.0,489.0,4.570093457943925,4.319444444444445,19,0
Nuwara Eliya,2005,Maha,96.0,448.0,4.666666666666667,4.570093457943925,19,0
Nuwara Eliya,2006,Maha,111.0,532.0,4.792792792792793,4.666666666666667,19,0
Nuwara Eliya,2007,Maha,112.0,522.0,4.660714285714286,4.792792792792793,19,0
Nuwara Eliya,2008,Maha,115.0,1343.0,11.678260869565218,4.660714285714286,19,0
Nuwara Eliya,2009,Maha,116.0,540.0,4.655172413793103,11.678260869565218,19,0
Nuwara Eliya,2010,Maha,139.0,653.0,4.697841726618705,4.655172413793103,19,0
Nuwara Eliya,2011,Maha,167.0,784.0,4.6946107784431135,4.697841726618705,19,0
Nuwara Eliya,2012,Maha,152.0,740.0,4.868421052631579,4.6946107784431135,19,0
Nuwara Eliya,2013,Maha,128.0,834.0,6.515625,4.868421052631579,19,0
Nuwara Eliya,2014,Maha,134.0,875.0,6.529850746268656,6.515625,19,0
Nuwara Eliya,2015,Maha,153.0,1362.0,8.901960784313726,6.529850746268656,19,0
Nuwara Eliya,2016,Maha,171.0,2913.0,17.035087719298247,8.901960784313726,19,0
Nuwara Eliya,2017,Maha,146.0,681.0,4.664383561643835,17.035087719298247,19,0
Nuwara Eliya,2018,Maha,134.0,875.0,6.529850746268656,4.664383561643835,19,0
Nuwara Eliya,2019,Maha,165.0,731.0,4.430303030303031,6.529850746268656,19,0
Nuwara Eliya,2020,Maha,273.0,1221.0,4.472527472527473,4.430303030303031,19,0
Nuwara Eliya,2021,Maha,290.8,1300.0,4.470426409903713,4.472527472527473,19,0
Nuwara Eliya,2022,Maha,258.9,2685.6,10.373117033603709,4.470426409903713,19,0
Nuwara Eliya,2023,Maha,216.0,2365.2,10.95,10.373117033603709,19,0
Nuwara Eliya,2024,Maha,1.1,1.4,1.2727272727272725,10.95,19,0
Nuwara Eliya,2025,Maha,413.8,3144.2,7.598356694055099,1.2727272727272725,19,0
Nuwara Eliya,2020,Yala,159.0,2040.6,12.833962264150943,12.833962264150943,19,1
Nuwara Eliya,2021,Yala,222.9,3235.7,14.516375056078958,12.833962264150943,19,1
Nuwara Eliya,2022,Yala,203.0,2642.0,13.014778325123153,14.516375056078958,19,1
Nuwara Eliya,2023,Yala,160.2,1792.0,11.18601747815231,13.014778325123153,19,1
Nuwara Eliya,2024,Yala,3.9,4.3,1.1025641025641026,11.18601747815231,19,1
Polonnaruwa,2003,Maha,1.0,3.0,3.0,5.611111111111111,20,0
Polonnaruwa,2007,Maha,1.0,4.0,4.0,3.0,20,0
Polonnaruwa,2008,Maha,7.0,34.0,4.857142857142857,4.0,20,0
Polonnaruwa,2009,Maha,14.0,64.0,4.571428571428571,4.857142857142857,20,0
Polonnaruwa,2010,Maha,19.0,85.0,4.473684210526316,4.571428571428571,20,0
Polonnaruwa,2012,Maha,21.0,91.0,4.333333333333333,4.473684210526316,20,0
Polonnaruwa,2013,Maha,11.0,45.0,4.090909090909091,4.333333333333333,20,0
Polonnaruwa,2014,Maha,17.0,102.0,6.0,4.090909090909091,20,0
Polonnaruwa,2015,Maha,14.0,86.0,6.142857142857143,6.0,20,0
Polonnaruwa,2016,Maha,17.0,99.0,5.823529411764706,6.142857142857143,20,0
Polonnaruwa,2017,Maha,16.0,103.0,6.4375,5.823529411764706,20,0
Polonnaruwa,2018,Maha,18.0,101.0,5.611111111111111,6.4375,20,0
Polonnaruwa,2019,Maha,18.0,110.0,6.111111111111111,5.611111111111111,20,0
Polonnaruwa,2020,Maha,30.0,168.0,5.6,6.111111111111111,20,0
Polonnaruwa,2021,Maha,22.8,140.5,6.162280701754386,5.6,20,0
Polonnaruwa,2022,Maha,29.0,186.5,6.431034482758621,6.162280701754386,20,0
Polonnaruwa,2023,Maha,21.2,137.6,6.490566037735849,6.431034482758621,20,0
Polonnaruwa,2024,Maha,83.0,119.0,1.4337349397590362,6.490566037735849,20,0
Polonnaruwa,2025,Maha,17.0,114.2,6.7176470588235295,1.4337349397590362,20,0
Polonnaruwa,2020,Yala,23.4,144.3,6.166666666666668,5.354037267080745,20,1
Polonnaruwa,2021,Yala,32.2,172.4,5.354037267080745,6.166666666666668,20,1
Polonnaruwa,2022,Yala,33.3,214.7,6.4474474474474475,5.354037267080745,20,1
Polonnaruwa,2023,Yala,19.2,101.1,5.265625,6.4474474474474475,20,1
Polonnaruwa,2024,Yala,85.5,123.4,1.4432748538011697,5.265625,20,1
Puttalam,2001,Maha,14.0,44.0,3.142857142857143,7.111111111111111,21,0
Puttalam,2002,Maha,14.0,35.0,2.5,3.142857142857143,21,0
Puttalam,2003,Maha,30.0,75.0,2.5,2.5,21,0
Puttalam,2004,Maha,24.0,70.0,2.9166666666666665,2.5,21,0
Puttalam,2005,Maha,66.0,208.0,3.1515151515151514,2.9166666666666665,21,0
Puttalam,2006,Maha,59.0,177.0,3.0,3.1515151515151514,21,0
Puttalam,2007,Maha,44.0,337.0,7.659090909090909,3.0,21,0
Puttalam,2008,Maha,26.0,188.0,7.230769230769231,7.659090909090909,21,0
Puttalam,2009,Maha,24.0,171.0,7.125,7.230769230769231,21,0
Puttalam,2010,Maha,30.0,228.0,7.6,7.125,21,0
Puttalam,2011,Maha,51.0,378.0,7.411764705882353,7.6,21,0
Puttalam,2012,Maha,16.0,95.0,5.9375,7.411764705882353,21,0
Puttalam,2013,Maha,16.0,111.0,6.9375,5.9375,21,0
Puttalam,2014,Maha,18.0,122.0,6.777777777777778,6.9375,21,0
Puttalam,2015,Maha,54.0,384.0,7.111111111111111,6.777777777777778,21,0
Puttalam,2016,Maha,52.0,374.0,7.1923076923076925,7.111111111111111,21,0
Puttalam,2017,Maha,46.0,330.0,7.173913043478261,7.1923076923076925,21,0
Puttalam,2018,Maha,56.0,341.0,6.089285714285714,7.173913043478261,21,0
Puttalam,2019,Maha,49.0,352.0,7.183673469387755,6.089285714285714,21,0
Puttalam,2020,Maha,55.0,403.0,7.327272727272727,7.183673469387755,21,0
Puttalam,2021,Maha,64.3,485.5,7.55054432348367,7.327272727272727,21,0
Puttalam,2022,Maha,61.1,473.2,7.74468085106383,7.55054432348367,21,0
Puttalam,2023,Maha,44.3,283.3,6.395033860045148,7.74468085106383,21,0
Puttalam,2024,Maha,387.0,315.3,0.8147286821705426,6.395033860045148,21,0
Puttalam,2025,Maha,34.8,301.1,8.652298850574715,0.8147286821705426,21,0
Puttalam,2020,Yala,24.0,227.0,9.458333333333334,6.214780600461895,21,1
Puttalam,2021,Yala,35.2,264.7,7.519886363636362,9.458333333333334,21,1
Puttalam,2022,Yala,43.3,269.1,6.214780600461895,7.519886363636362,21,1
Puttalam,2023,Yala,41.0,240.9,5.875609756097561,6.214780600461895,21,1
Puttalam,2024,Yala,426.9,892.0,2.089482314359335,5.875609756097561,21,1
Ratnapura,2001,Maha,42.0,68.0,1.619047619047619,3.9056603773584904,22,0
Ratnapura,2002,Maha,47.0,75.0,1.5957446808510638,1.619047619047619,22,0
Ratnapura,2003,Maha,35.0,52.0,1.4857142857142858,1.5957446808510638,22,0
Ratnapura,2004,Maha,31.0,106.0,3.4193548387096775,1.4857142857142858,22,0
Ratnapura,2005,Maha,37.0,107.0,2.891891891891892,3.4193548387096775,22,0
Ratnapura,2006,Maha,30.0,87.0,2.9,2.891891891891892,22,0
Ratnapura,2007,Maha,41.0,164.0,4.0,2.9,22,0
Ratnapura,2008,Maha,44.0,253.0,5.75,4.0,22,0
Ratnapura,2009,Maha,49.0,193.0,3.938775510204082,5.75,22,0
Ratnapura,2010,Maha,53.0,207.0,3.9056603773584904,3.938775510204082,22,0
Ratnapura,2011,Maha,57.0,221.0,3.8771929824561404,3.9056603773584904,22,0
Ratnapura,2012,Maha,66.0,252.0,3.8181818181818183,3.8771929824561404,22,0
Ratnapura,2013,Maha,67.0,255.0,3.8059701492537314,3.8181818181818183,22,0
Ratnapura,2014,Maha,89.0,334.0,3.752808988764045,3.8059701492537314,22,0
Ratnapura,2015,Maha,85.0,331.0,3.8941176470588235,3.752808988764045,22,0
Ratnapura,2016,Maha,83.0,759.0,9.144578313253012,3.8941176470588235,22,0
Ratnapura,2017,Maha,67.0,1044.0,15.582089552238806,9.144578313253012,22,0
Ratnapura,2018,Maha,98.0,1236.0,12.612244897959183,15.582089552238806,22,0
Ratnapura,2019,Maha,99.0,1350.0,13.636363636363637,12.612244897959183,22,0
Ratnapura,2020,Maha,104.0,1193.0,11.471153846153847,13.636363636363637,22,0
Ratnapura,2021,Maha,209.4,2562.8,12.238777459407832,11.471153846153847,22,0
Ratnapura,2022,Maha,194.9,2315.5,11.880451513596716,12.238777459407832,22,0
Ratnapura,2023,Maha,155.2,1986.2,12.797680412371136,11.880451513596716,22,0
Ratnapura,2024,Maha,222.3,273.7,1.2312190733243364,12.797680412371136,22,0
Ratnapura,2025,Maha,151.6,1896.2,12.507915567282323,1.2312190733243364,22,0
Ratnapura,2020,Yala,125.8,1615.7,12.843402225755167,12.843402225755167,22,1
Ratnapura,2021,Yala,173.1,2184.9,12.622183708838822,12.843402225755167,22,1
Ratnapura,2022,Yala,147.5,2047.9,13.88406779661017,12.622183708838822,22,1
Ratnapura,2023,Yala,128.6,1734.1,13.484447900466563,13.88406779661017,22,1
Ratnapura,2024,Yala,269.1,237.1,0.8810850984764027,13.484447900466563,22,1
Trincomalee,2005,Maha,1.0,3.0,3.0,3.078125,23,0
Trincomalee,2008,Maha,1.0,3.0,3.0,3.0,23,0
Trincomalee,2016,Maha,2.0,1.0,0.5,3.0,23,0
Trincomalee,2017,Maha,1.0,10.0,10.0,0.5,23,0
Trincomalee,2021,Maha,7.7,114.3,14.844155844155843,10.0,23,0
Trincomalee,2022,Maha,6.8,24.0,3.5294117647058822,14.844155844155843,23,0
Trincomalee,2023,Maha,6.4,20.2,3.1562499999999996,3.5294117647058822,23,0
Trincomalee,2024,Maha,178.9,146.3,0.8177752934600335,3.1562499999999996,23,0
Trincomalee,2020,Yala,0.1,2.3,22.999999999999996,5.011520737327189,23,1
Trincomalee,2022,Yala,0.7,5.3,7.571428571428572,22.999999999999996,23,1
Trincomalee,2023,Yala,3.1,7.6,2.451612903225806,7.571428571428572,23,1
Trincomalee,2024,Yala,93.0,73.7,0.7924731182795699,2.451612903225806,23,1
Vavuniya,2020,Maha,2.0,8.0,4.0,10.767276422764228,24,0
Vavuniya,2021,Maha,2.4,18.2,7.583333333333333,4.0,24,0
Vavuniya,2022,Maha,2.4,36.0,15.0,7.583333333333333,24,0
Vavuniya,2023,Maha,4.1,57.2,13.951219512195124,15.0,24,0
Vavuniya,2024,Maha,171.9,187.9,1.0930773705642816,13.951219512195124,24,0
Vavuniya,2025,Maha,1.2,17.9,14.916666666666666,1.0930773705642816,24,0
Vavuniya,2020,Yala,0.4,6.0,15.0,1.4833333333333334,24,1
Vavuniya,2022,Yala,3.0,4.4,1.4666666666666668,15.0,24,1
Vavuniya,2023,Yala,1.8,2.7,1.5,1.4666666666666668,24,1
Vavuniya,2024,Yala,50.5,49.9,0.9881188118811881,1.5,24,1
